URL;TITRE
https://youtu.be/JDNNNVCuz7Y;Dubs s'envole et jules crie | LETHAL COMPANY;
https://youtu.be/H3sOm0NZiZQ;Bonjour monsieur...AAAAAAAAAAAAAAAAA | LETHAL COMPANY;
https://youtu.be/BubSfkAs8SM;Dubs freestyle 1 | LETHAL COMPANY;
https://youtu.be/BjgloLcOwBA;y'avait des mites dans le vaisseau | LETHAL COMPANY;
https://youtu.be/xxiZIF_lSJo;STOP | LETHAL COMPANY;
https://youtu.be/HmZM_mbwqIU;PARALISE PAR LA PEUR | LETHAL COMPANY;
https://youtu.be/B1Hu6SrhioM;AU FOND DU TROU | LETHAL COMPANY | VOD 1.1;
https://youtu.be/P4we_1OEU2I;BEE MOVIE & MITES PARTY | LETHAL COMPANY | VOD 1.2;
https://youtu.be/Arw0cu77CVM;TASE LA MITE ! | LETHAL COMPANY | VOD 1.3
https://youtu.be/KeJpBvz_9fw;Altitorture pendant 2h = galette |ROBLOX ALTITORTURE;
https://youtu.be/zMou-JHG5Hg;Une interaction humain mite... plutôt sérieuse | LETHAL COMPANY;
https://youtu.be/HDhnZlOXEXY;IHT (Interaction Homme Tourelle) | LETHAL COMPANY;
https://youtu.be/A4HkY5noNxU;DEUBS EST MORT ???!!!! | LETHAL COMPANY;
https://youtu.be/ECybPJdAbNg;Une modeste récréation musicale orchestrée par le fréro Jules. | LETHAL COMPANY;
https://youtu.be/y6H3Zts3iHI;Ça pète dans tout les coins | LETHAL COMPANY | VOD 2.1